Cluster,R_squared
HRR,0.07034743661500631
PRR,-1.9731422818427689
