Cluster,R_squared
HRR,0.8627514674779968
PRR,-8.466815704109008
